instructionsssssssssssssssssssssssssssssssssssssssssssssssssssssssssssssssssssssssssssssssssssssssssssssssssssssssssssssssssssssssssssssssssssssssssssssssssssssssssssssssssssssssssssssssss,,,
question1111111111111111111111111111111111111111111111111111111111111111111111111111111111111111111111,,,
alooooooooooooooooooooooooooooooooooooooooooooooooooooooooooooooooooooooooooooooooooooooooooooooooooooooong,b,c,d
question222222222222222222222222222222222222222222222222222222222222222222222222222222222222222222222222222222222222222222222222222222222222222222222222222222,,,
a,b,c,d
question3,,,
a,bbbbbbbbbbbbbbbbbbbbbbbbbbbbbbbbbbbbbbbbbbbbbbbbbbbbbbbbbbbbbbbbbbbbbbbbbbbbbbbbbbbbbbbbbbbbbbbbbbbbbbbbbbbbbbbbbbbbbbbbbbbbbbbbbbbbbbbb,c,d
question4,,,
a,b,ccccccccccccccccccccccccccccccccccccccccccccccccccccccccccccccccccccccccccccccccccccccccccccccccccccccccccccccccccccccccccccccccccccccccccccccccccccccccccccccccccccc,d
question5,,,
a,b,c,d
question6,,,
a,b,c,d
question7,,,
a,b,ccccccccccccccccccccccccccccccc,d
question8,,,
a,b,c,d
question9,,,
a,b,c,d
question5,,,
a,b,c,d
question6,,,
a,b,c,d
question7,,,
a,b,c,d
question8,,,
a,b,c,d
question9,,,
a,b,c,d
question10,,,
a,b,c,d
question6,,,
a,b,c,d
question7,,,
a,b,c,d
question8,,,
a,b,c,d
question9,,,
a,b,c,d
question10,,,
a,b,c,d
question11,,,
a,b,c,d
question7,,,
a,b,c,d
question8,,,
a,b,c,d
question9,,,
a,b,c,d
question10,,,
a,b,c,d
question11,,,
a,b,c,d
question5,,,
a,b,c,d
question6,,,
a,b,c,d
question7,,,
a,b,c,d
question8,,,
a,b,c,d
question9,,,
a,b,c,d
question10,,,
a,b,c,d
question6,,,
a,b,c,d
question7,,,
a,b,c,d
question8,,,
a,b,c,d
question9,,,
a,b,c,d
question10,,,
a,b,c,d
question11,,,
a,b,c,d
question7,,,
a,b,c,d
question5,,,
a,b,c,d
question6,,,
a,b,c,d
question7,,,
a,b,c,d
question8,,,
a,b,c,d
question9,,,
a,b,c,d
question10,,,
a,b,c,d
question6,,,
a,b,c,d
question7,,,
a,b,c,d
question6,,,
a,b,c,d
question7,,,
a,b,c,d
question5,,,
a,b,c,d
